<?xml version="1.0" encoding="windows-1252"?>
<!--  This file conforms to the DTD xdc/bld/build.dtd -->
<package name="configPkg" version="" producerId="undefined">
    <units>
    </units>
    <sources>
        <srcFile name="package/cfg/mss_mmw_per4f.c"/>
    </sources>
    <configscripts>
        <srcFile name="C:/Users/a0232274/60GH_Dev/pplcount_mss_68xx/mss_mmw.cfg"/>
    </configscripts>
    <makefiles>
        <srcFile name="package.mak" src="package.bld"/>
        <srcFile name="package/package.xdc.dep" src="package.xdc"/>
        <srcFile name="package/cfg/mss_mmw_per4f.mak" src="package.bld"/>
        <srcFile name="package/cfg/mss_mmw_per4f.oer4f.dep" src="package/cfg/mss_mmw_per4f.c"/>
        <srcFile name="package/cfg/mss_mmw_per4f.dep" src="package/cfg/mss_mmw_per4f.cfg"/>
        <srcFile name="package/cfg/mss_mmw.xer4f.mak" src="package.bld"/>
        <srcFile name="package/rel/configPkg.tar.dep" src="package/rel/configPkg.xdc.inc"/>
    </makefiles>
    <targets>
        <target name="ti.targets.arm.elf.R4F"
            version="ti.targets.arm.elf.R4F{1,0,16.9,1"
            rawVersion="16.9.1"
            platform="ti.platforms.cortexR:AWR14XX:1"
            isa="v7R"
            suffix="er4f"
            rootDir="C:/ti/ti-cgt-arm_16.9.1.LTS"
            os="undefined"
            rts="ti.targets.arm.rtsarm">
            <model endian="little"
                codeModel="undefined"
                dataModel="undefined"/>
        </target>
    </targets>
    <libraries>
    </libraries>
    <configurations>
    <configuration name="mss_mmw"
        pname="mss_mmw.per4f"
        target="ti.targets.arm.elf.R4F"
        platform="ti.platforms.cortexR:IWR16XX:false:200"
        profile="release"
        isPartial="false"
        xCfgScript="package/cfg/mss_mmw_per4f.cfg"
        xCfgPrefix="package/cfg/mss_mmw_per4f"
        cfgScript="C:/Users/a0232274/60GH_Dev/pplcount_mss_68xx/mss_mmw.cfg"
        cfgArgs="null"
        />
    </configurations>
    <executables>
    <executable name="mss_mmw"
        pname="mss_mmw.xer4f"
        target="ti.targets.arm.elf.R4F"
        platform="ti.platforms.cortexR:IWR16XX:false:200"
        profile="release"
        xCfgScript="package/cfg/mss_mmw_per4f.cfg"
        xCfgPrefix="package/cfg/mss_mmw_per4f"
        cfgScript="C:/Users/a0232274/60GH_Dev/pplcount_mss_68xx/mss_mmw.cfg"
        cfgArgs="null"
        />
    </executables>
    <tests>
    <test exeName="mss_mmw.xer4f"
        args=""
        groupName="mss_mmw.xer4f"
        refOutput="undefined"
        refExitCode="0"
        execArgs=""
        />
    </tests>
    <releases relDir="package/rel/">
    <release name="configPkg"
        pname="configPkg.tar"
        label="default"
    >
        <file name="package/package.bld.xml"/>
        <file name="package/build.cfg"/>
        <file name="package/package.xdc.inc"/>
    </release>
    </releases>
    <repositories>
    </repositories>
</package>
